{
	"configs" : [
		{
			"remarks" : "",
			"id" : "00F4F2EE2A453DB32847D1B5E364587D",
			"server" : "45.77.214.191",
			"server_port" : 10000,
			"server_udp_port" : 0,
			"password" : "123456",
			"method" : "aes-256-cfb",
			"protocol" : "origin",
			"protocolparam" : "",
			"obfs" : "plain",
			"obfsparam" : "",
			"remarks_base64" : "",
			"group" : "",
			"enable" : true,
			"udp_over_tcp" : false
		}
	],
	"index" : 0,
	"random" : false,
	"sysProxyMode" : 2,
	"shareOverLan" : false,
	"bypassWhiteList" : false,
	"localPort" : 1080,
	"localAuthPassword" : "nebryHv4JOvCH5rtbJCG",
	"dns_server" : "",
	"reconnectTimes" : 2,
	"randomAlgorithm" : 0,
	"randomInGroup" : false,
	"TTL" : 0,
	"connect_timeout" : 5,
	"proxyRuleMode" : 0,
	"proxyEnable" : false,
	"pacDirectGoProxy" : false,
	"proxyType" : 0,
	"proxyHost" : null,
	"proxyPort" : 0,
	"proxyAuthUser" : null,
	"proxyAuthPass" : null,
	"proxyUserAgent" : null,
	"authUser" : null,
	"authPass" : null,
	"autoBan" : false,
	"sameHostForSameTarget" : false,
	"keepVisitTime" : 180,
	"isHideTips" : true,
	"token" : {

	},
	"portMap" : {

	}
}